LineId,Timestamp,Level,TemplateId,EventTemplate,ParameterList
0,2024-06-15T04:30:36.000Z,info,t1,api-01 request: user=frank path=/<*>l<*>,"[""api"",""login"",""status"",""201""]"
1,2024-06-15T04:30:16.000Z,info,t2,<*>-02 request: user=<*>,"[""web"",""bob"",""search"",""201"",""264ms""]"
2,2024-06-15T04:30:44.000Z,info,t2,<*>-02 request: user=<*>,"[""web"",""bob"",""search"",""201"",""264ms""]"
3,2024-06-15T04:30:00.000Z,info,t1,api-01 request: user=frank path=/<*>l<*>,"[""api"",""login"",""status"",""201""]"
4,2024-06-15T04:30:16.000Z,info,t3,<*>-01 request: user=<*>,"[""api"",""frank"",""404"",""376ms""]"
5,2024-06-15T04:30:10.000Z,info,t4,worker-01 request: user=<*>>*>,"[""frank"",""47ms""]"
6,2024-06-15T04:30:02.000Z,info,t5,<*>-01 request: user=<*>,"[""frank"",""orders"",""404"",""74ms""]"
7,2024-06-15T04:30:12.000Z,info,t2,<*>-02 request: user=<*>,"[""web"",""bob"",""search"",""201"",""264ms""]"
8,2024-06-15T04:30:17.000Z,info,t2,<*>-02 request: user=<*>,"[""web"",""bob"",""search"",""201"",""264ms""]"
9,2024-06-15T04:30:55.000Z,info,t5,<*>-01 request: user=<*>,"[""frank"",""orders"",""404"",""74ms""]"
10,2024-06-15T04:30:06.000Z,info,t5,<*>-01 request: user=<*>,"[""frank"",""orders"",""404"",""74ms""]"
11,2024-06-15T04:30:04.000Z,info,t2,<*>-02 request: user=<*>,"[""web"",""bob"",""search"",""201"",""264ms""]"
12,2024-06-15T04:30:31.000Z,info,t6,worker-01 request: user=<*>,"[""carol"",""login"",""301"",""274ms""]"
13,2024-06-15T04:30:26.000Z,info,t5,<*>-01 request: user=<*>,"[""frank"",""orders"",""404"",""74ms""]"
14,2024-06-15T04:30:17.000Z,info,t3,<*>-01 request: user=<*>,"[""api"",""frank"",""404"",""376ms""]"
15,2024-06-15T04:30:32.000Z,error,t7,<*>-02 connection refused to db.internal port <*>,"[""27017""]"
16,2024-06-15T04:30:41.000Z,error,t7,<*>-02 connection refused to db.internal port <*>,"[""27017""]"
17,2024-06-15T04:30:00.000Z,error,t8,<*>-01 NullPointerException in CheckoutService for user <*>,"[""web"",""frank""]"
18,2024-06-15T04:30:00.000Z,warn,t9,worker-01 slow request: path=/api/users took 2218ms,
19,2024-06-15T04:31:41.000Z,info,t2,<*>-02 request: user=<*>,"[""web"",""bob"",""search"",""201"",""264ms""]"
20,2024-06-15T04:31:12.000Z,info,t2,<*>-02 request: user=<*>,"[""web"",""bob"",""search"",""201"",""264ms""]"
21,2024-06-15T04:31:07.000Z,info,t6,worker-01 request: user=<*>,"[""carol"",""login"",""301"",""274ms""]"
22,2024-06-15T04:31:52.000Z,info,t6,worker-01 request: user=<*>,"[""carol"",""login"",""301"",""274ms""]"
23,2024-06-15T04:31:02.000Z,info,t2,<*>-02 request: user=<*>,"[""web"",""bob"",""search"",""201"",""264ms""]"
24,2024-06-15T04:31:01.000Z,info,t2,<*>-02 request: user=<*>,"[""web"",""bob"",""search"",""201"",""264ms""]"
25,2024-06-15T04:31:10.000Z,info,t5,<*>-01 request: user=<*>,"[""frank"",""orders"",""404"",""74ms""]"
26,2024-06-15T04:31:41.000Z,info,t2,<*>-02 request: user=<*>,"[""web"",""bob"",""search"",""201"",""264ms""]"
27,2024-06-15T04:31:36.000Z,info,t5,<*>-01 request: user=<*>,"[""frank"",""orders"",""404"",""74ms""]"
28,2024-06-15T04:31:19.000Z,info,t2,<*>-02 request: user=<*>,"[""web"",""bob"",""search"",""201"",""264ms""]"
29,2024-06-15T04:31:07.000Z,info,t2,<*>-02 request: user=<*>,"[""web"",""bob"",""search"",""201"",""264ms""]"
30,2024-06-15T04:31:22.000Z,info,t10,<*>-02 request: user=<*>,"[""web"",""bob"",""101ms""]"
31,2024-06-15T04:31:52.000Z,info,t1,api-01 request: user=frank path=/<*>l<*>,"[""api"",""login"",""status"",""201""]"
32,2024-06-15T04:31:37.000Z,info,t6,worker-01 request: user=<*>,"[""carol"",""login"",""301"",""274ms""]"
33,2024-06-15T04:31:29.000Z,info,t4,worker-01 request: user=<*>>*>,"[""frank"",""47ms""]"
34,,info,t11,"{""time"":""2024-06-15T10:<*>>>>>>>>>:00.000Z"",""level"":""info"",""logger"":""audit"",""msg"":""audit event"",""host"":""<*>>>>>>>>""<*>user"":""<*>y"":<*>>*>>*>>><*>","[""03"",""web"",""dave""]"
35,2024-06-15T04:31:59.000Z,error,t12,worker-01 connection refused to db.internal port <*>,"[""27017""]"
36,2024-06-15T04:31:50.000Z,error,t12,worker-01 connection refused to db.internal port <*>,"[""27017""]"
37,2024-06-15T04:31:00.000Z,error,t13,<*>-01 timeout waiting for /api/<*>,"[""web"",""5104ms""]"
38,2024-06-15T04:32:37.000Z,info,t2,<*>-02 request: user=<*>,"[""web"",""bob"",""search"",""201"",""264ms""]"
39,2024-06-15T04:32:05.000Z,info,t2,<*>-02 request: user=<*>,"[""web"",""bob"",""search"",""201"",""264ms""]"
40,2024-06-15T04:32:42.000Z,info,t5,<*>-01 request: user=<*>,"[""frank"",""orders"",""404"",""74ms""]"
41,2024-06-15T04:32:26.000Z,info,t3,<*>-01 request: user=<*>,"[""api"",""frank"",""404"",""376ms""]"
42,2024-06-15T04:32:39.000Z,info,t5,<*>-01 request: user=<*>,"[""frank"",""orders"",""404"",""74ms""]"
43,2024-06-15T04:32:19.000Z,info,t2,<*>-02 request: user=<*>,"[""web"",""bob"",""search"",""201"",""264ms""]"
44,2024-06-15T04:32:32.000Z,info,t2,<*>-02 request: user=<*>,"[""web"",""bob"",""search"",""201"",""264ms""]"
45,2024-06-15T04:32:56.000Z,info,t5,<*>-01 request: user=<*>,"[""frank"",""orders"",""404"",""74ms""]"
46,2024-06-15T04:32:49.000Z,info,t5,<*>-01 request: user=<*>,"[""frank"",""orders"",""404"",""74ms""]"
47,2024-06-15T04:32:05.000Z,info,t6,worker-01 request: user=<*>,"[""carol"",""login"",""301"",""274ms""]"
48,2024-06-15T04:32:48.000Z,info,t5,<*>-01 request: user=<*>,"[""frank"",""orders"",""404"",""74ms""]"
49,2024-06-15T04:32:15.000Z,info,t2,<*>-02 request: user=<*>,"[""web"",""bob"",""search"",""201"",""264ms""]"
50,2024-06-15T04:32:23.000Z,info,t10,<*>-02 request: user=<*>,"[""web"",""bob"",""101ms""]"
51,2024-06-15T04:32:56.000Z,info,t6,worker-01 request: user=<*>,"[""carol"",""login"",""301"",""274ms""]"
52,2024-06-15T04:32:41.000Z,info,t5,<*>-01 request: user=<*>,"[""frank"",""orders"",""404"",""74ms""]"
53,2024-06-15T04:32:41.000Z,error,t14,<*>-01 connection refused to db.internal port <*>,"[""web"",""27017""]"
54,2024-06-15T04:32:58.000Z,error,t12,worker-01 connection refused to db.internal port <*>,"[""27017""]"
55,2024-06-15T04:32:00.000Z,error,t15,<*>-02 timeout waiting for /health after <*>,"[""web"",""5148ms""]"
56,2024-06-15T04:33:19.000Z,info,t6,worker-01 request: user=<*>,"[""carol"",""login"",""301"",""274ms""]"
57,2024-06-15T04:33:37.000Z,info,t6,worker-01 request: user=<*>,"[""carol"",""login"",""301"",""274ms""]"
58,2024-06-15T04:33:29.000Z,info,t10,<*>-02 request: user=<*>,"[""web"",""bob"",""101ms""]"
59,2024-06-15T04:33:11.000Z,info,t6,worker-01 request: user=<*>,"[""carol"",""login"",""301"",""274ms""]"
60,2024-06-15T04:33:29.000Z,info,t6,worker-01 request: user=<*>,"[""carol"",""login"",""301"",""274ms""]"
61,2024-06-15T04:33:43.000Z,info,t5,<*>-01 request: user=<*>,"[""frank"",""orders"",""404"",""74ms""]"
62,2024-06-15T04:33:22.000Z,info,t4,worker-01 request: user=<*>>*>,"[""frank"",""47ms""]"
63,2024-06-15T04:33:16.000Z,info,t2,<*>-02 request: user=<*>,"[""web"",""bob"",""search"",""201"",""264ms""]"
64,2024-06-15T04:33:53.000Z,info,t2,<*>-02 request: user=<*>,"[""web"",""bob"",""search"",""201"",""264ms""]"
65,2024-06-15T04:33:16.000Z,info,t2,<*>-02 request: user=<*>,"[""web"",""bob"",""search"",""201"",""264ms""]"
66,2024-06-15T04:33:06.000Z,info,t2,<*>-02 request: user=<*>,"[""web"",""bob"",""search"",""201"",""264ms""]"
67,2024-06-15T04:33:01.000Z,info,t2,<*>-02 request: user=<*>,"[""web"",""bob"",""search"",""201"",""264ms""]"
68,2024-06-15T04:33:50.000Z,info,t2,<*>-02 request: user=<*>,"[""web"",""bob"",""search"",""201"",""264ms""]"
69,2024-06-15T04:33:22.000Z,info,t2,<*>-02 request: user=<*>,"[""web"",""bob"",""search"",""201"",""264ms""]"
70,2024-06-15T04:33:46.000Z,info,t3,<*>-01 request: user=<*>,"[""api"",""frank"",""404"",""376ms""]"
71,,info,t11,"{""time"":""2024-06-15T10:<*>>>>>>>>>:00.000Z"",""level"":""info"",""logger"":""audit"",""msg"":""audit event"",""host"":""<*>>>>>>>>""<*>user"":""<*>y"":<*>>*>>*>>><*>","[""03"",""web"",""dave""]"
72,2024-06-15T04:33:12.000Z,error,t7,<*>-02 connection refused to db.internal port <*>,"[""27017""]"
73,2024-06-15T04:33:08.000Z,error,t7,<*>-02 connection refused to db.internal port <*>,"[""27017""]"
74,2024-06-15T04:33:00.000Z,error,t16,worker-01 NullPointerException in CheckoutService for user dave,
75,2024-06-15T04:34:02.000Z,info,t6,worker-01 request: user=<*>,"[""carol"",""login"",""301"",""274ms""]"
76,2024-06-15T04:34:42.000Z,info,t2,<*>-02 request: user=<*>,"[""web"",""bob"",""search"",""201"",""264ms""]"
77,2024-06-15T04:34:38.000Z,info,t5,<*>-01 request: user=<*>,"[""frank"",""orders"",""404"",""74ms""]"
78,2024-06-15T04:34:59.000Z,info,t2,<*>-02 request: user=<*>,"[""web"",""bob"",""search"",""201"",""264ms""]"
79,2024-06-15T04:34:40.000Z,info,t3,<*>-01 request: user=<*>,"[""api"",""frank"",""404"",""376ms""]"
80,2024-06-15T04:34:31.000Z,info,t2,<*>-02 request: user=<*>,"[""web"",""bob"",""search"",""201"",""264ms""]"
81,2024-06-15T04:34:02.000Z,info,t6,worker-01 request: user=<*>,"[""carol"",""login"",""301"",""274ms""]"
82,2024-06-15T04:34:02.000Z,info,t2,<*>-02 request: user=<*>,"[""web"",""bob"",""search"",""201"",""264ms""]"
83,2024-06-15T04:34:48.000Z,info,t5,<*>-01 request: user=<*>,"[""frank"",""orders"",""404"",""74ms""]"
84,2024-06-15T04:34:28.000Z,info,t5,<*>-01 request: user=<*>,"[""frank"",""orders"",""404"",""74ms""]"
85,2024-06-15T04:34:41.000Z,info,t3,<*>-01 request: user=<*>,"[""api"",""frank"",""404"",""376ms""]"
86,2024-06-15T04:34:37.000Z,info,t6,worker-01 request: user=<*>,"[""carol"",""login"",""301"",""274ms""]"
87,2024-06-15T04:34:26.000Z,info,t5,<*>-01 request: user=<*>,"[""frank"",""orders"",""404"",""74ms""]"
88,2024-06-15T04:34:56.000Z,info,t6,worker-01 request: user=<*>,"[""carol"",""login"",""301"",""274ms""]"
89,2024-06-15T04:34:30.000Z,info,t5,<*>-01 request: user=<*>,"[""frank"",""orders"",""404"",""74ms""]"
90,2024-06-15T04:34:59.000Z,error,t12,worker-01 connection refused to db.internal port <*>,"[""27017""]"
91,2024-06-15T04:34:48.000Z,error,t12,worker-01 connection refused to db.internal port <*>,"[""27017""]"
92,2024-06-15T04:34:00.000Z,error,t13,<*>-01 timeout waiting for /api/<*>,"[""web"",""5104ms""]"
93,2024-06-15T04:35:40.000Z,info,t2,<*>-02 request: user=<*>,"[""web"",""bob"",""search"",""201"",""264ms""]"
94,2024-06-15T04:35:39.000Z,info,t2,<*>-02 request: user=<*>,"[""web"",""bob"",""search"",""201"",""264ms""]"
95,2024-06-15T04:35:08.000Z,info,t2,<*>-02 request: user=<*>,"[""web"",""bob"",""search"",""201"",""264ms""]"
96,2024-06-15T04:35:24.000Z,info,t2,<*>-02 request: user=<*>,"[""web"",""bob"",""search"",""201"",""264ms""]"
97,2024-06-15T04:35:15.000Z,info,t1,api-01 request: user=frank path=/<*>l<*>,"[""api"",""login"",""status"",""201""]"
98,2024-06-15T04:35:37.000Z,info,t2,<*>-02 request: user=<*>,"[""web"",""bob"",""search"",""201"",""264ms""]"
99,2024-06-15T04:35:35.000Z,info,t3,<*>-01 request: user=<*>,"[""api"",""frank"",""404"",""376ms""]"
100,2024-06-15T04:35:50.000Z,info,t2,<*>-02 request: user=<*>,"[""web"",""bob"",""search"",""201"",""264ms""]"
101,2024-06-15T04:35:40.000Z,info,t2,<*>-02 request: user=<*>,"[""web"",""bob"",""search"",""201"",""264ms""]"
102,2024-06-15T04:35:46.000Z,info,t5,<*>-01 request: user=<*>,"[""frank"",""orders"",""404"",""74ms""]"
103,2024-06-15T04:35:02.000Z,info,t3,<*>-01 request: user=<*>,"[""api"",""frank"",""404"",""376ms""]"
104,2024-06-15T04:35:24.000Z,info,t6,worker-01 request: user=<*>,"[""carol"",""login"",""301"",""274ms""]"
105,2024-06-15T04:35:02.000Z,info,t2,<*>-02 request: user=<*>,"[""web"",""bob"",""search"",""201"",""264ms""]"
106,2024-06-15T04:35:35.000Z,info,t5,<*>-01 request: user=<*>,"[""frank"",""orders"",""404"",""74ms""]"
107,2024-06-15T04:35:43.000Z,info,t2,<*>-02 request: user=<*>,"[""web"",""bob"",""search"",""201"",""264ms""]"
108,,info,t11,"{""time"":""2024-06-15T10:<*>>>>>>>>>:00.000Z"",""level"":""info"",""logger"":""audit"",""msg"":""audit event"",""host"":""<*>>>>>>>>""<*>user"":""<*>y"":<*>>*>>*>>><*>","[""03"",""web"",""dave""]"
109,2024-06-15T04:35:41.000Z,error,t7,<*>-02 connection refused to db.internal port <*>,"[""27017""]"
110,2024-06-15T04:35:30.000Z,error,t12,worker-01 connection refused to db.internal port <*>,"[""27017""]"
111,2024-06-15T04:35:00.000Z,error,t17,<*>-02 timeout waiting for /api/<*>,"[""api"",""login"",""5389ms""]"
112,2024-06-15T04:35:00.000Z,warn,t18,<*>-02 slow request: path=/api/<*>took<*>,"[""web"",""users"",""1566ms""]"
113,2024-06-15T04:36:15.000Z,info,t6,worker-01 request: user=<*>,"[""carol"",""login"",""301"",""274ms""]"
114,2024-06-15T04:36:23.000Z,info,t2,<*>-02 request: user=<*>,"[""web"",""bob"",""search"",""201"",""264ms""]"
115,2024-06-15T04:36:30.000Z,info,t2,<*>-02 request: user=<*>,"[""web"",""bob"",""search"",""201"",""264ms""]"
116,2024-06-15T04:36:39.000Z,info,t1,api-01 request: user=frank path=/<*>l<*>,"[""api"",""login"",""status"",""201""]"
117,2024-06-15T04:36:37.000Z,info,t5,<*>-01 request: user=<*>,"[""frank"",""orders"",""404"",""74ms""]"
118,2024-06-15T04:36:10.000Z,info,t5,<*>-01 request: user=<*>,"[""frank"",""orders"",""404"",""74ms""]"
119,2024-06-15T04:36:07.000Z,info,t2,<*>-02 request: user=<*>,"[""web"",""bob"",""search"",""201"",""264ms""]"
120,2024-06-15T04:36:08.000Z,info,t2,<*>-02 request: user=<*>,"[""web"",""bob"",""search"",""201"",""264ms""]"
121,2024-06-15T04:36:20.000Z,info,t10,<*>-02 request: user=<*>,"[""web"",""bob"",""101ms""]"
122,2024-06-15T04:36:20.000Z,info,t6,worker-01 request: user=<*>,"[""carol"",""login"",""301"",""274ms""]"
123,2024-06-15T04:36:39.000Z,info,t2,<*>-02 request: user=<*>,"[""web"",""bob"",""search"",""201"",""264ms""]"
124,2024-06-15T04:36:09.000Z,info,t6,worker-01 request: user=<*>,"[""carol"",""login"",""301"",""274ms""]"
125,2024-06-15T04:36:05.000Z,info,t5,<*>-01 request: user=<*>,"[""frank"",""orders"",""404"",""74ms""]"
126,2024-06-15T04:36:40.000Z,info,t1,api-01 request: user=frank path=/<*>l<*>,"[""api"",""login"",""status"",""201""]"
127,2024-06-15T04:36:55.000Z,info,t2,<*>-02 request: user=<*>,"[""web"",""bob"",""search"",""201"",""264ms""]"
128,,info,t11,"{""time"":""2024-06-15T10:<*>>>>>>>>>:00.000Z"",""level"":""info"",""logger"":""audit"",""msg"":""audit event"",""host"":""<*>>>>>>>>""<*>user"":""<*>y"":<*>>*>>*>>><*>","[""03"",""web"",""dave""]"
129,2024-06-15T04:36:52.000Z,error,t7,<*>-02 connection refused to db.internal port <*>,"[""27017""]"
130,2024-06-15T04:36:29.000Z,error,t14,<*>-01 connection refused to db.internal port <*>,"[""web"",""27017""]"
131,2024-06-15T04:37:13.000Z,info,t5,<*>-01 request: user=<*>,"[""frank"",""orders"",""404"",""74ms""]"
132,2024-06-15T04:37:20.000Z,info,t2,<*>-02 request: user=<*>,"[""web"",""bob"",""search"",""201"",""264ms""]"
133,2024-06-15T04:37:43.000Z,info,t3,<*>-01 request: user=<*>,"[""api"",""frank"",""404"",""376ms""]"
134,2024-06-15T04:37:15.000Z,info,t5,<*>-01 request: user=<*>,"[""frank"",""orders"",""404"",""74ms""]"
135,2024-06-15T04:37:02.000Z,info,t2,<*>-02 request: user=<*>,"[""web"",""bob"",""search"",""201"",""264ms""]"
136,2024-06-15T04:37:11.000Z,info,t6,worker-01 request: user=<*>,"[""carol"",""login"",""301"",""274ms""]"
137,2024-06-15T04:37:01.000Z,info,t2,<*>-02 request: user=<*>,"[""web"",""bob"",""search"",""201"",""264ms""]"
138,2024-06-15T04:37:00.000Z,info,t6,worker-01 request: user=<*>,"[""carol"",""login"",""301"",""274ms""]"
139,2024-06-15T04:37:41.000Z,info,t2,<*>-02 request: user=<*>,"[""web"",""bob"",""search"",""201"",""264ms""]"
140,2024-06-15T04:37:42.000Z,info,t5,<*>-01 request: user=<*>,"[""frank"",""orders"",""404"",""74ms""]"
141,2024-06-15T04:37:54.000Z,info,t6,worker-01 request: user=<*>,"[""carol"",""login"",""301"",""274ms""]"
142,2024-06-15T04:37:40.000Z,info,t2,<*>-02 request: user=<*>,"[""web"",""bob"",""search"",""201"",""264ms""]"
143,2024-06-15T04:37:00.000Z,info,t6,worker-01 request: user=<*>,"[""carol"",""login"",""301"",""274ms""]"
144,2024-06-15T04:37:16.000Z,info,t6,worker-01 request: user=<*>,"[""carol"",""login"",""301"",""274ms""]"
145,2024-06-15T04:37:48.000Z,info,t5,<*>-01 request: user=<*>,"[""frank"",""orders"",""404"",""74ms""]"
146,2024-06-15T04:37:08.000Z,error,t7,<*>-02 connection refused to db.internal port <*>,"[""27017""]"
147,2024-06-15T04:37:04.000Z,error,t7,<*>-02 connection refused to db.internal port <*>,"[""27017""]"
148,2024-06-15T04:38:03.000Z,info,t6,worker-01 request: user=<*>,"[""carol"",""login"",""301"",""274ms""]"
149,2024-06-15T04:38:13.000Z,info,t5,<*>-01 request: user=<*>,"[""frank"",""orders"",""404"",""74ms""]"
150,2024-06-15T04:38:36.000Z,info,t2,<*>-02 request: user=<*>,"[""web"",""bob"",""search"",""201"",""264ms""]"
151,2024-06-15T04:38:25.000Z,info,t2,<*>-02 request: user=<*>,"[""web"",""bob"",""search"",""201"",""264ms""]"
152,2024-06-15T04:38:52.000Z,info,t4,worker-01 request: user=<*>>*>,"[""frank"",""47ms""]"
153,2024-06-15T04:38:39.000Z,info,t5,<*>-01 request: user=<*>,"[""frank"",""orders"",""404"",""74ms""]"
154,2024-06-15T04:38:55.000Z,info,t6,worker-01 request: user=<*>,"[""carol"",""login"",""301"",""274ms""]"
155,2024-06-15T04:38:29.000Z,info,t10,<*>-02 request: user=<*>,"[""web"",""bob"",""101ms""]"
156,2024-06-15T04:38:03.000Z,info,t6,worker-01 request: user=<*>,"[""carol"",""login"",""301"",""274ms""]"
157,2024-06-15T04:38:22.000Z,info,t2,<*>-02 request: user=<*>,"[""web"",""bob"",""search"",""201"",""264ms""]"
158,2024-06-15T04:38:15.000Z,info,t5,<*>-01 request: user=<*>,"[""frank"",""orders"",""404"",""74ms""]"
159,2024-06-15T04:38:27.000Z,info,t2,<*>-02 request: user=<*>,"[""web"",""bob"",""search"",""201"",""264ms""]"
160,2024-06-15T04:38:52.000Z,info,t2,<*>-02 request: user=<*>,"[""web"",""bob"",""search"",""201"",""264ms""]"
161,2024-06-15T04:38:58.000Z,info,t2,<*>-02 request: user=<*>,"[""web"",""bob"",""search"",""201"",""264ms""]"
162,2024-06-15T04:38:21.000Z,info,t3,<*>-01 request: user=<*>,"[""api"",""frank"",""404"",""376ms""]"
163,2024-06-15T04:38:54.000Z,error,t14,<*>-01 connection refused to db.internal port <*>,"[""web"",""27017""]"
164,2024-06-15T04:38:23.000Z,error,t12,worker-01 connection refused to db.internal port <*>,"[""27017""]"
165,2024-06-15T04:38:00.000Z,error,t17,<*>-02 timeout waiting for /api/<*>,"[""api"",""login"",""5389ms""]"
166,2024-06-15T04:38:00.000Z,warn,t18,<*>-02 slow request: path=/api/<*>took<*>,"[""web"",""users"",""1566ms""]"
167,2024-06-15T04:39:58.000Z,info,t5,<*>-01 request: user=<*>,"[""frank"",""orders"",""404"",""74ms""]"
168,2024-06-15T04:39:49.000Z,info,t2,<*>-02 request: user=<*>,"[""web"",""bob"",""search"",""201"",""264ms""]"
169,2024-06-15T04:39:53.000Z,info,t5,<*>-01 request: user=<*>,"[""frank"",""orders"",""404"",""74ms""]"
170,2024-06-15T04:39:53.000Z,info,t2,<*>-02 request: user=<*>,"[""web"",""bob"",""search"",""201"",""264ms""]"
171,2024-06-15T04:39:24.000Z,info,t6,worker-01 request: user=<*>,"[""carol"",""login"",""301"",""274ms""]"
172,2024-06-15T04:39:50.000Z,info,t2,<*>-02 request: user=<*>,"[""web"",""bob"",""search"",""201"",""264ms""]"
173,2024-06-15T04:39:51.000Z,info,t5,<*>-01 request: user=<*>,"[""frank"",""orders"",""404"",""74ms""]"
174,2024-06-15T04:39:57.000Z,info,t6,worker-01 request: user=<*>,"[""carol"",""login"",""301"",""274ms""]"
175,2024-06-15T04:39:52.000Z,info,t2,<*>-02 request: user=<*>,"[""web"",""bob"",""search"",""201"",""264ms""]"
176,2024-06-15T04:39:18.000Z,info,t2,<*>-02 request: user=<*>,"[""web"",""bob"",""search"",""201"",""264ms""]"
177,2024-06-15T04:39:23.000Z,info,t2,<*>-02 request: user=<*>,"[""web"",""bob"",""search"",""201"",""264ms""]"
178,2024-06-15T04:39:21.000Z,info,t5,<*>-01 request: user=<*>,"[""frank"",""orders"",""404"",""74ms""]"
179,2024-06-15T04:39:41.000Z,info,t6,worker-01 request: user=<*>,"[""carol"",""login"",""301"",""274ms""]"
180,2024-06-15T04:39:52.000Z,info,t3,<*>-01 request: user=<*>,"[""api"",""frank"",""404"",""376ms""]"
181,2024-06-15T04:39:29.000Z,info,t5,<*>-01 request: user=<*>,"[""frank"",""orders"",""404"",""74ms""]"
182,2024-06-15T04:39:31.000Z,error,t12,worker-01 connection refused to db.internal port <*>,"[""27017""]"
183,2024-06-15T04:39:10.000Z,error,t14,<*>-01 connection refused to db.internal port <*>,"[""web"",""27017""]"
184,2024-06-15T04:39:00.000Z,warn,t18,<*>-02 slow request: path=/api/<*>took<*>,"[""web"",""users"",""1566ms""]"
185,2024-06-15T04:40:27.000Z,info,t5,<*>-01 request: user=<*>,"[""frank"",""orders"",""404"",""74ms""]"
186,2024-06-15T04:40:57.000Z,info,t1,api-01 request: user=frank path=/<*>l<*>,"[""api"",""login"",""status"",""201""]"
187,2024-06-15T04:40:21.000Z,info,t5,<*>-01 request: user=<*>,"[""frank"",""orders"",""404"",""74ms""]"
188,2024-06-15T04:40:58.000Z,info,t6,worker-01 request: user=<*>,"[""carol"",""login"",""301"",""274ms""]"
189,2024-06-15T04:40:04.000Z,info,t2,<*>-02 request: user=<*>,"[""web"",""bob"",""search"",""201"",""264ms""]"
190,2024-06-15T04:40:44.000Z,info,t4,worker-01 request: user=<*>>*>,"[""frank"",""47ms""]"
191,2024-06-15T04:40:54.000Z,info,t2,<*>-02 request: user=<*>,"[""web"",""bob"",""search"",""201"",""264ms""]"
192,2024-06-15T04:40:44.000Z,info,t2,<*>-02 request: user=<*>,"[""web"",""bob"",""search"",""201"",""264ms""]"
193,2024-06-15T04:40:01.000Z,info,t5,<*>-01 request: user=<*>,"[""frank"",""orders"",""404"",""74ms""]"
194,2024-06-15T04:40:19.000Z,info,t6,worker-01 request: user=<*>,"[""carol"",""login"",""301"",""274ms""]"
195,2024-06-15T04:40:34.000Z,info,t4,worker-01 request: user=<*>>*>,"[""frank"",""47ms""]"
196,2024-06-15T04:40:43.000Z,info,t2,<*>-02 request: user=<*>,"[""web"",""bob"",""search"",""201"",""264ms""]"
197,2024-06-15T04:40:09.000Z,info,t5,<*>-01 request: user=<*>,"[""frank"",""orders"",""404"",""74ms""]"
198,2024-06-15T04:40:42.000Z,info,t5,<*>-01 request: user=<*>,"[""frank"",""orders"",""404"",""74ms""]"
199,2024-06-15T04:40:49.000Z,info,t5,<*>-01 request: user=<*>,"[""frank"",""orders"",""404"",""74ms""]"
200,2024-06-15T04:40:52.000Z,error,t7,<*>-02 connection refused to db.internal port <*>,"[""27017""]"
201,2024-06-15T04:40:02.000Z,error,t14,<*>-01 connection refused to db.internal port <*>,"[""web"",""27017""]"
202,2024-06-15T04:41:29.000Z,info,t2,<*>-02 request: user=<*>,"[""web"",""bob"",""search"",""201"",""264ms""]"
203,2024-06-15T04:41:28.000Z,info,t1,api-01 request: user=frank path=/<*>l<*>,"[""api"",""login"",""status"",""201""]"
204,2024-06-15T04:41:30.000Z,info,t2,<*>-02 request: user=<*>,"[""web"",""bob"",""search"",""201"",""264ms""]"
205,2024-06-15T04:41:19.000Z,info,t2,<*>-02 request: user=<*>,"[""web"",""bob"",""search"",""201"",""264ms""]"
206,2024-06-15T04:41:31.000Z,info,t5,<*>-01 request: user=<*>,"[""frank"",""orders"",""404"",""74ms""]"
207,2024-06-15T04:41:01.000Z,info,t2,<*>-02 request: user=<*>,"[""web"",""bob"",""search"",""201"",""264ms""]"
208,2024-06-15T04:41:37.000Z,info,t5,<*>-01 request: user=<*>,"[""frank"",""orders"",""404"",""74ms""]"
209,2024-06-15T04:41:41.000Z,info,t6,worker-01 request: user=<*>,"[""carol"",""login"",""301"",""274ms""]"
210,2024-06-15T04:41:34.000Z,info,t2,<*>-02 request: user=<*>,"[""web"",""bob"",""search"",""201"",""264ms""]"
211,2024-06-15T04:41:08.000Z,info,t5,<*>-01 request: user=<*>,"[""frank"",""orders"",""404"",""74ms""]"
212,2024-06-15T04:41:14.000Z,info,t2,<*>-02 request: user=<*>,"[""web"",""bob"",""search"",""201"",""264ms""]"
213,2024-06-15T04:41:27.000Z,info,t5,<*>-01 request: user=<*>,"[""frank"",""orders"",""404"",""74ms""]"
214,2024-06-15T04:41:13.000Z,info,t3,<*>-01 request: user=<*>,"[""api"",""frank"",""404"",""376ms""]"
215,2024-06-15T04:41:49.000Z,info,t2,<*>-02 request: user=<*>,"[""web"",""bob"",""search"",""201"",""264ms""]"
216,2024-06-15T04:41:56.000Z,info,t2,<*>-02 request: user=<*>,"[""web"",""bob"",""search"",""201"",""264ms""]"
217,,info,t11,"{""time"":""2024-06-15T10:<*>>>>>>>>>:00.000Z"",""level"":""info"",""logger"":""audit"",""msg"":""audit event"",""host"":""<*>>>>>>>>""<*>user"":""<*>y"":<*>>*>>*>>><*>","[""03"",""web"",""dave""]"
218,2024-06-15T04:41:32.000Z,error,t7,<*>-02 connection refused to db.internal port <*>,"[""27017""]"
219,2024-06-15T04:41:52.000Z,error,t7,<*>-02 connection refused to db.internal port <*>,"[""27017""]"
220,2024-06-15T04:42:00.000Z,info,t1,api-01 request: user=frank path=/<*>l<*>,"[""api"",""login"",""status"",""201""]"
221,2024-06-15T04:42:25.000Z,info,t2,<*>-02 request: user=<*>,"[""web"",""bob"",""search"",""201"",""264ms""]"
222,2024-06-15T04:42:56.000Z,info,t2,<*>-02 request: user=<*>,"[""web"",""bob"",""search"",""201"",""264ms""]"
223,2024-06-15T04:42:43.000Z,info,t6,worker-01 request: user=<*>,"[""carol"",""login"",""301"",""274ms""]"
224,2024-06-15T04:42:12.000Z,info,t2,<*>-02 request: user=<*>,"[""web"",""bob"",""search"",""201"",""264ms""]"
225,2024-06-15T04:42:44.000Z,info,t2,<*>-02 request: user=<*>,"[""web"",""bob"",""search"",""201"",""264ms""]"
226,2024-06-15T04:42:03.000Z,info,t5,<*>-01 request: user=<*>,"[""frank"",""orders"",""404"",""74ms""]"
227,2024-06-15T04:42:05.000Z,info,t2,<*>-02 request: user=<*>,"[""web"",""bob"",""search"",""201"",""264ms""]"
228,2024-06-15T04:42:05.000Z,info,t6,worker-01 request: user=<*>,"[""carol"",""login"",""301"",""274ms""]"
229,2024-06-15T04:42:02.000Z,info,t3,<*>-01 request: user=<*>,"[""api"",""frank"",""404"",""376ms""]"
230,2024-06-15T04:42:24.000Z,info,t2,<*>-02 request: user=<*>,"[""web"",""bob"",""search"",""201"",""264ms""]"
231,2024-06-15T04:42:24.000Z,info,t5,<*>-01 request: user=<*>,"[""frank"",""orders"",""404"",""74ms""]"
232,2024-06-15T04:42:27.000Z,info,t5,<*>-01 request: user=<*>,"[""frank"",""orders"",""404"",""74ms""]"
233,2024-06-15T04:42:10.000Z,info,t6,worker-01 request: user=<*>,"[""carol"",""login"",""301"",""274ms""]"
234,2024-06-15T04:42:41.000Z,info,t2,<*>-02 request: user=<*>,"[""web"",""bob"",""search"",""201"",""264ms""]"
235,2024-06-15T04:42:10.000Z,error,t12,worker-01 connection refused to db.internal port <*>,"[""27017""]"
236,2024-06-15T04:42:23.000Z,error,t7,<*>-02 connection refused to db.internal port <*>,"[""27017""]"
237,2024-06-15T04:43:27.000Z,info,t5,<*>-01 request: user=<*>,"[""frank"",""orders"",""404"",""74ms""]"
238,2024-06-15T04:43:01.000Z,info,t10,<*>-02 request: user=<*>,"[""web"",""bob"",""101ms""]"
239,2024-06-15T04:43:43.000Z,info,t4,worker-01 request: user=<*>>*>,"[""frank"",""47ms""]"
240,2024-06-15T04:43:58.000Z,info,t2,<*>-02 request: user=<*>,"[""web"",""bob"",""search"",""201"",""264ms""]"
241,2024-06-15T04:43:53.000Z,info,t6,worker-01 request: user=<*>,"[""carol"",""login"",""301"",""274ms""]"
242,2024-06-15T04:43:43.000Z,info,t5,<*>-01 request: user=<*>,"[""frank"",""orders"",""404"",""74ms""]"
243,2024-06-15T04:43:59.000Z,info,t6,worker-01 request: user=<*>,"[""carol"",""login"",""301"",""274ms""]"
244,2024-06-15T04:43:15.000Z,info,t2,<*>-02 request: user=<*>,"[""web"",""bob"",""search"",""201"",""264ms""]"
245,2024-06-15T04:43:28.000Z,info,t5,<*>-01 request: user=<*>,"[""frank"",""orders"",""404"",""74ms""]"
246,2024-06-15T04:43:39.000Z,info,t4,worker-01 request: user=<*>>*>,"[""frank"",""47ms""]"
247,2024-06-15T04:43:02.000Z,info,t2,<*>-02 request: user=<*>,"[""web"",""bob"",""search"",""201"",""264ms""]"
248,2024-06-15T04:43:30.000Z,info,t2,<*>-02 request: user=<*>,"[""web"",""bob"",""search"",""201"",""264ms""]"
249,2024-06-15T04:43:56.000Z,info,t6,worker-01 request: user=<*>,"[""carol"",""login"",""301"",""274ms""]"
250,2024-06-15T04:43:13.000Z,info,t5,<*>-01 request: user=<*>,"[""frank"",""orders"",""404"",""74ms""]"
251,2024-06-15T04:43:18.000Z,info,t2,<*>-02 request: user=<*>,"[""web"",""bob"",""search"",""201"",""264ms""]"
252,,info,t11,"{""time"":""2024-06-15T10:<*>>>>>>>>>:00.000Z"",""level"":""info"",""logger"":""audit"",""msg"":""audit event"",""host"":""<*>>>>>>>>""<*>user"":""<*>y"":<*>>*>>*>>><*>","[""03"",""web"",""dave""]"
253,2024-06-15T04:43:14.000Z,error,t12,worker-01 connection refused to db.internal port <*>,"[""27017""]"
254,2024-06-15T04:43:19.000Z,error,t7,<*>-02 connection refused to db.internal port <*>,"[""27017""]"
255,2024-06-15T04:44:07.000Z,info,t6,worker-01 request: user=<*>,"[""carol"",""login"",""301"",""274ms""]"
256,2024-06-15T04:44:04.000Z,info,t5,<*>-01 request: user=<*>,"[""frank"",""orders"",""404"",""74ms""]"
257,2024-06-15T04:44:44.000Z,info,t5,<*>-01 request: user=<*>,"[""frank"",""orders"",""404"",""74ms""]"
258,2024-06-15T04:44:18.000Z,info,t2,<*>-02 request: user=<*>,"[""web"",""bob"",""search"",""201"",""264ms""]"
259,2024-06-15T04:44:36.000Z,info,t2,<*>-02 request: user=<*>,"[""web"",""bob"",""search"",""201"",""264ms""]"
260,2024-06-15T04:44:41.000Z,info,t5,<*>-01 request: user=<*>,"[""frank"",""orders"",""404"",""74ms""]"
261,2024-06-15T04:44:32.000Z,info,t6,worker-01 request: user=<*>,"[""carol"",""login"",""301"",""274ms""]"
262,2024-06-15T04:44:59.000Z,info,t6,worker-01 request: user=<*>,"[""carol"",""login"",""301"",""274ms""]"
263,2024-06-15T04:44:12.000Z,info,t5,<*>-01 request: user=<*>,"[""frank"",""orders"",""404"",""74ms""]"
264,2024-06-15T04:44:23.000Z,info,t2,<*>-02 request: user=<*>,"[""web"",""bob"",""search"",""201"",""264ms""]"
265,2024-06-15T04:44:52.000Z,info,t10,<*>-02 request: user=<*>,"[""web"",""bob"",""101ms""]"
266,2024-06-15T04:44:55.000Z,info,t5,<*>-01 request: user=<*>,"[""frank"",""orders"",""404"",""74ms""]"
267,2024-06-15T04:44:48.000Z,info,t6,worker-01 request: user=<*>,"[""carol"",""login"",""301"",""274ms""]"
268,2024-06-15T04:44:50.000Z,info,t4,worker-01 request: user=<*>>*>,"[""frank"",""47ms""]"
269,2024-06-15T04:44:40.000Z,info,t5,<*>-01 request: user=<*>,"[""frank"",""orders"",""404"",""74ms""]"
270,,info,t11,"{""time"":""2024-06-15T10:<*>>>>>>>>>:00.000Z"",""level"":""info"",""logger"":""audit"",""msg"":""audit event"",""host"":""<*>>>>>>>>""<*>user"":""<*>y"":<*>>*>>*>>><*>","[""03"",""web"",""dave""]"
271,2024-06-15T04:44:20.000Z,error,t12,worker-01 connection refused to db.internal port <*>,"[""27017""]"
272,2024-06-15T04:44:38.000Z,error,t14,<*>-01 connection refused to db.internal port <*>,"[""web"",""27017""]"
273,2024-06-15T04:44:00.000Z,error,t19,api-02 NullPointerException in CheckoutService for user <*>,"[""carol""]"
274,2024-06-15T04:45:15.000Z,info,t5,<*>-01 request: user=<*>,"[""frank"",""orders"",""404"",""74ms""]"
275,2024-06-15T04:45:23.000Z,info,t2,<*>-02 request: user=<*>,"[""web"",""bob"",""search"",""201"",""264ms""]"
276,2024-06-15T04:45:10.000Z,info,t3,<*>-01 request: user=<*>,"[""api"",""frank"",""404"",""376ms""]"
277,2024-06-15T04:45:33.000Z,info,t10,<*>-02 request: user=<*>,"[""web"",""bob"",""101ms""]"
278,2024-06-15T04:45:26.000Z,info,t5,<*>-01 request: user=<*>,"[""frank"",""orders"",""404"",""74ms""]"
279,2024-06-15T04:45:37.000Z,info,t5,<*>-01 request: user=<*>,"[""frank"",""orders"",""404"",""74ms""]"
280,2024-06-15T04:45:40.000Z,info,t2,<*>-02 request: user=<*>,"[""web"",""bob"",""search"",""201"",""264ms""]"
281,2024-06-15T04:45:48.000Z,info,t2,<*>-02 request: user=<*>,"[""web"",""bob"",""search"",""201"",""264ms""]"
282,2024-06-15T04:45:11.000Z,info,t2,<*>-02 request: user=<*>,"[""web"",""bob"",""search"",""201"",""264ms""]"
283,2024-06-15T04:45:37.000Z,info,t5,<*>-01 request: user=<*>,"[""frank"",""orders"",""404"",""74ms""]"
284,2024-06-15T04:45:11.000Z,info,t6,worker-01 request: user=<*>,"[""carol"",""login"",""301"",""274ms""]"
285,2024-06-15T04:45:19.000Z,info,t5,<*>-01 request: user=<*>,"[""frank"",""orders"",""404"",""74ms""]"
286,2024-06-15T04:45:36.000Z,info,t4,worker-01 request: user=<*>>*>,"[""frank"",""47ms""]"
287,2024-06-15T04:45:21.000Z,info,t2,<*>-02 request: user=<*>,"[""web"",""bob"",""search"",""201"",""264ms""]"
288,2024-06-15T04:45:43.000Z,info,t1,api-01 request: user=frank path=/<*>l<*>,"[""api"",""login"",""status"",""201""]"
289,2024-06-15T04:45:37.000Z,error,t14,<*>-01 connection refused to db.internal port <*>,"[""web"",""27017""]"
290,2024-06-15T04:45:54.000Z,error,t14,<*>-01 connection refused to db.internal port <*>,"[""web"",""27017""]"
291,2024-06-15T04:45:27.000Z,error,t17,<*>-02 timeout waiting for /api/<*>,"[""api"",""login"",""5389ms""]"
292,2024-06-15T04:45:53.000Z,error,t17,<*>-02 timeout waiting for /api/<*>,"[""api"",""login"",""5389ms""]"
293,2024-06-15T04:45:32.000Z,error,t20,<*>-01 timeout waiting for /health after <*>,"[""api"",""6528ms""]"
294,2024-06-15T04:45:40.000Z,error,t17,<*>-02 timeout waiting for /api/<*>,"[""api"",""login"",""5389ms""]"
295,2024-06-15T04:45:12.000Z,error,t17,<*>-02 timeout waiting for /api/<*>,"[""api"",""login"",""5389ms""]"
296,2024-06-15T04:45:47.000Z,error,t13,<*>-01 timeout waiting for /api/<*>,"[""web"",""5104ms""]"
297,2024-06-15T04:45:02.000Z,error,t13,<*>-01 timeout waiting for /api/<*>,"[""web"",""5104ms""]"
298,2024-06-15T04:45:39.000Z,error,t21,worker-01 timeout waiting for /<*>>,"[""checkout"",""5750ms""]"
299,2024-06-15T04:45:27.000Z,error,t17,<*>-02 timeout waiting for /api/<*>,"[""api"",""login"",""5389ms""]"
300,2024-06-15T04:45:06.000Z,error,t15,<*>-02 timeout waiting for /health after <*>,"[""web"",""5148ms""]"
301,2024-06-15T04:45:45.000Z,error,t17,<*>-02 timeout waiting for /api/<*>,"[""api"",""login"",""5389ms""]"
302,2024-06-15T04:45:06.000Z,error,t17,<*>-02 timeout waiting for /api/<*>,"[""api"",""login"",""5389ms""]"
303,2024-06-15T04:45:59.000Z,error,t15,<*>-02 timeout waiting for /health after <*>,"[""web"",""5148ms""]"
304,2024-06-15T04:45:53.000Z,error,t17,<*>-02 timeout waiting for /api/<*>,"[""api"",""login"",""5389ms""]"
305,2024-06-15T04:45:57.000Z,error,t13,<*>-01 timeout waiting for /api/<*>,"[""web"",""5104ms""]"
306,2024-06-15T04:45:12.000Z,error,t21,worker-01 timeout waiting for /<*>>,"[""checkout"",""5750ms""]"
307,2024-06-15T04:45:02.000Z,error,t13,<*>-01 timeout waiting for /api/<*>,"[""web"",""5104ms""]"
308,2024-06-15T04:45:52.000Z,error,t21,worker-01 timeout waiting for /<*>>,"[""checkout"",""5750ms""]"
309,2024-06-15T04:45:57.000Z,error,t17,<*>-02 timeout waiting for /api/<*>,"[""api"",""login"",""5389ms""]"
310,2024-06-15T04:45:04.000Z,error,t13,<*>-01 timeout waiting for /api/<*>,"[""web"",""5104ms""]"
311,2024-06-15T04:45:32.000Z,error,t17,<*>-02 timeout waiting for /api/<*>,"[""api"",""login"",""5389ms""]"
312,2024-06-15T04:45:44.000Z,error,t21,worker-01 timeout waiting for /<*>>,"[""checkout"",""5750ms""]"
313,2024-06-15T04:45:31.000Z,error,t17,<*>-02 timeout waiting for /api/<*>,"[""api"",""login"",""5389ms""]"
314,2024-06-15T04:45:05.000Z,error,t17,<*>-02 timeout waiting for /api/<*>,"[""api"",""login"",""5389ms""]"
315,2024-06-15T04:45:10.000Z,error,t17,<*>-02 timeout waiting for /api/<*>,"[""api"",""login"",""5389ms""]"
316,2024-06-15T04:45:23.000Z,error,t15,<*>-02 timeout waiting for /health after <*>,"[""web"",""5148ms""]"
317,2024-06-15T04:45:50.000Z,error,t21,worker-01 timeout waiting for /<*>>,"[""checkout"",""5750ms""]"
318,2024-06-15T04:45:56.000Z,error,t21,worker-01 timeout waiting for /<*>>,"[""checkout"",""5750ms""]"
319,2024-06-15T04:45:19.000Z,error,t20,<*>-01 timeout waiting for /health after <*>,"[""api"",""6528ms""]"
320,2024-06-15T04:45:16.000Z,error,t17,<*>-02 timeout waiting for /api/<*>,"[""api"",""login"",""5389ms""]"
321,2024-06-15T04:45:08.000Z,error,t13,<*>-01 timeout waiting for /api/<*>,"[""web"",""5104ms""]"
322,2024-06-15T04:45:07.000Z,error,t21,worker-01 timeout waiting for /<*>>,"[""checkout"",""5750ms""]"
323,2024-06-15T04:45:34.000Z,error,t20,<*>-01 timeout waiting for /health after <*>,"[""api"",""6528ms""]"
324,2024-06-15T04:45:07.000Z,error,t15,<*>-02 timeout waiting for /health after <*>,"[""web"",""5148ms""]"
325,2024-06-15T04:45:58.000Z,error,t17,<*>-02 timeout waiting for /api/<*>,"[""api"",""login"",""5389ms""]"
326,2024-06-15T04:45:08.000Z,error,t21,worker-01 timeout waiting for /<*>>,"[""checkout"",""5750ms""]"
327,2024-06-15T04:45:07.000Z,error,t17,<*>-02 timeout waiting for /api/<*>,"[""api"",""login"",""5389ms""]"
328,2024-06-15T04:45:42.000Z,error,t17,<*>-02 timeout waiting for /api/<*>,"[""api"",""login"",""5389ms""]"
329,2024-06-15T04:45:16.000Z,error,t21,worker-01 timeout waiting for /<*>>,"[""checkout"",""5750ms""]"
330,2024-06-15T04:45:10.000Z,error,t15,<*>-02 timeout waiting for /health after <*>,"[""web"",""5148ms""]"
331,2024-06-15T04:46:59.000Z,info,t5,<*>-01 request: user=<*>,"[""frank"",""orders"",""404"",""74ms""]"
332,2024-06-15T04:46:25.000Z,info,t6,worker-01 request: user=<*>,"[""carol"",""login"",""301"",""274ms""]"
333,2024-06-15T04:46:59.000Z,info,t6,worker-01 request: user=<*>,"[""carol"",""login"",""301"",""274ms""]"
334,2024-06-15T04:46:16.000Z,info,t2,<*>-02 request: user=<*>,"[""web"",""bob"",""search"",""201"",""264ms""]"
335,2024-06-15T04:46:41.000Z,info,t5,<*>-01 request: user=<*>,"[""frank"",""orders"",""404"",""74ms""]"
336,2024-06-15T04:46:49.000Z,info,t6,worker-01 request: user=<*>,"[""carol"",""login"",""301"",""274ms""]"
337,2024-06-15T04:46:09.000Z,info,t5,<*>-01 request: user=<*>,"[""frank"",""orders"",""404"",""74ms""]"
338,2024-06-15T04:46:40.000Z,info,t2,<*>-02 request: user=<*>,"[""web"",""bob"",""search"",""201"",""264ms""]"
339,2024-06-15T04:46:07.000Z,info,t2,<*>-02 request: user=<*>,"[""web"",""bob"",""search"",""201"",""264ms""]"
340,2024-06-15T04:46:57.000Z,info,t5,<*>-01 request: user=<*>,"[""frank"",""orders"",""404"",""74ms""]"
341,2024-06-15T04:46:00.000Z,info,t10,<*>-02 request: user=<*>,"[""web"",""bob"",""101ms""]"
342,2024-06-15T04:46:37.000Z,info,t5,<*>-01 request: user=<*>,"[""frank"",""orders"",""404"",""74ms""]"
343,2024-06-15T04:46:00.000Z,info,t2,<*>-02 request: user=<*>,"[""web"",""bob"",""search"",""201"",""264ms""]"
344,2024-06-15T04:46:45.000Z,info,t5,<*>-01 request: user=<*>,"[""frank"",""orders"",""404"",""74ms""]"
345,2024-06-15T04:46:40.000Z,info,t5,<*>-01 request: user=<*>,"[""frank"",""orders"",""404"",""74ms""]"
346,2024-06-15T04:46:28.000Z,error,t14,<*>-01 connection refused to db.internal port <*>,"[""web"",""27017""]"
347,2024-06-15T04:46:00.000Z,error,t14,<*>-01 connection refused to db.internal port <*>,"[""web"",""27017""]"
348,2024-06-15T04:46:00.000Z,error,t21,worker-01 timeout waiting for /<*>>,"[""checkout"",""5750ms""]"
349,2024-06-15T04:47:46.000Z,info,t5,<*>-01 request: user=<*>,"[""frank"",""orders"",""404"",""74ms""]"
350,2024-06-15T04:47:01.000Z,info,t2,<*>-02 request: user=<*>,"[""web"",""bob"",""search"",""201"",""264ms""]"
351,2024-06-15T04:47:31.000Z,info,t2,<*>-02 request: user=<*>,"[""web"",""bob"",""search"",""201"",""264ms""]"
352,2024-06-15T04:47:44.000Z,info,t5,<*>-01 request: user=<*>,"[""frank"",""orders"",""404"",""74ms""]"
353,2024-06-15T04:47:33.000Z,info,t2,<*>-02 request: user=<*>,"[""web"",""bob"",""search"",""201"",""264ms""]"
354,2024-06-15T04:47:31.000Z,info,t2,<*>-02 request: user=<*>,"[""web"",""bob"",""search"",""201"",""264ms""]"
355,2024-06-15T04:47:04.000Z,info,t2,<*>-02 request: user=<*>,"[""web"",""bob"",""search"",""201"",""264ms""]"
356,2024-06-15T04:47:08.000Z,info,t6,worker-01 request: user=<*>,"[""carol"",""login"",""301"",""274ms""]"
357,2024-06-15T04:47:22.000Z,info,t6,worker-01 request: user=<*>,"[""carol"",""login"",""301"",""274ms""]"
358,2024-06-15T04:47:02.000Z,info,t6,worker-01 request: user=<*>,"[""carol"",""login"",""301"",""274ms""]"
359,2024-06-15T04:47:32.000Z,info,t6,worker-01 request: user=<*>,"[""carol"",""login"",""301"",""274ms""]"
360,2024-06-15T04:47:04.000Z,info,t5,<*>-01 request: user=<*>,"[""frank"",""orders"",""404"",""74ms""]"
361,2024-06-15T04:47:32.000Z,info,t6,worker-01 request: user=<*>,"[""carol"",""login"",""301"",""274ms""]"
362,2024-06-15T04:47:39.000Z,info,t5,<*>-01 request: user=<*>,"[""frank"",""orders"",""404"",""74ms""]"
363,2024-06-15T04:47:11.000Z,info,t5,<*>-01 request: user=<*>,"[""frank"",""orders"",""404"",""74ms""]"
364,2024-06-15T04:47:41.000Z,error,t12,worker-01 connection refused to db.internal port <*>,"[""27017""]"
365,2024-06-15T04:47:17.000Z,error,t7,<*>-02 connection refused to db.internal port <*>,"[""27017""]"
366,2024-06-15T04:47:00.000Z,error,t8,<*>-01 NullPointerException in CheckoutService for user <*>,"[""web"",""frank""]"
367,2024-06-15T04:48:22.000Z,info,t5,<*>-01 request: user=<*>,"[""frank"",""orders"",""404"",""74ms""]"
368,2024-06-15T04:48:09.000Z,info,t5,<*>-01 request: user=<*>,"[""frank"",""orders"",""404"",""74ms""]"
369,2024-06-15T04:48:02.000Z,info,t6,worker-01 request: user=<*>,"[""carol"",""login"",""301"",""274ms""]"
370,2024-06-15T04:48:33.000Z,info,t1,api-01 request: user=frank path=/<*>l<*>,"[""api"",""login"",""status"",""201""]"
371,2024-06-15T04:48:13.000Z,info,t5,<*>-01 request: user=<*>,"[""frank"",""orders"",""404"",""74ms""]"
372,2024-06-15T04:48:16.000Z,info,t3,<*>-01 request: user=<*>,"[""api"",""frank"",""404"",""376ms""]"
373,2024-06-15T04:48:32.000Z,info,t5,<*>-01 request: user=<*>,"[""frank"",""orders"",""404"",""74ms""]"
374,2024-06-15T04:48:36.000Z,info,t6,worker-01 request: user=<*>,"[""carol"",""login"",""301"",""274ms""]"
375,2024-06-15T04:48:03.000Z,info,t5,<*>-01 request: user=<*>,"[""frank"",""orders"",""404"",""74ms""]"
376,2024-06-15T04:48:38.000Z,info,t2,<*>-02 request: user=<*>,"[""web"",""bob"",""search"",""201"",""264ms""]"
377,2024-06-15T04:48:27.000Z,info,t2,<*>-02 request: user=<*>,"[""web"",""bob"",""search"",""201"",""264ms""]"
378,2024-06-15T04:48:11.000Z,info,t5,<*>-01 request: user=<*>,"[""frank"",""orders"",""404"",""74ms""]"
379,2024-06-15T04:48:36.000Z,info,t10,<*>-02 request: user=<*>,"[""web"",""bob"",""101ms""]"
380,2024-06-15T04:48:52.000Z,info,t5,<*>-01 request: user=<*>,"[""frank"",""orders"",""404"",""74ms""]"
381,2024-06-15T04:48:11.000Z,info,t6,worker-01 request: user=<*>,"[""carol"",""login"",""301"",""274ms""]"
382,2024-06-15T04:48:04.000Z,error,t14,<*>-01 connection refused to db.internal port <*>,"[""web"",""27017""]"
383,2024-06-15T04:48:48.000Z,error,t7,<*>-02 connection refused to db.internal port <*>,"[""27017""]"
384,2024-06-15T04:48:00.000Z,error,t19,api-02 NullPointerException in CheckoutService for user <*>,"[""carol""]"
385,2024-06-15T04:49:55.000Z,info,t4,worker-01 request: user=<*>>*>,"[""frank"",""47ms""]"
386,2024-06-15T04:49:38.000Z,info,t2,<*>-02 request: user=<*>,"[""web"",""bob"",""search"",""201"",""264ms""]"
387,2024-06-15T04:49:39.000Z,info,t10,<*>-02 request: user=<*>,"[""web"",""bob"",""101ms""]"
388,2024-06-15T04:49:59.000Z,info,t2,<*>-02 request: user=<*>,"[""web"",""bob"",""search"",""201"",""264ms""]"
389,2024-06-15T04:49:31.000Z,info,t2,<*>-02 request: user=<*>,"[""web"",""bob"",""search"",""201"",""264ms""]"
390,2024-06-15T04:49:51.000Z,info,t4,worker-01 request: user=<*>>*>,"[""frank"",""47ms""]"
391,2024-06-15T04:49:48.000Z,info,t3,<*>-01 request: user=<*>,"[""api"",""frank"",""404"",""376ms""]"
392,2024-06-15T04:49:15.000Z,info,t2,<*>-02 request: user=<*>,"[""web"",""bob"",""search"",""201"",""264ms""]"
393,2024-06-15T04:49:23.000Z,info,t3,<*>-01 request: user=<*>,"[""api"",""frank"",""404"",""376ms""]"
394,2024-06-15T04:49:19.000Z,info,t2,<*>-02 request: user=<*>,"[""web"",""bob"",""search"",""201"",""264ms""]"
395,2024-06-15T04:49:07.000Z,info,t6,worker-01 request: user=<*>,"[""carol"",""login"",""301"",""274ms""]"
396,2024-06-15T04:49:24.000Z,info,t5,<*>-01 request: user=<*>,"[""frank"",""orders"",""404"",""74ms""]"
397,2024-06-15T04:49:56.000Z,info,t6,worker-01 request: user=<*>,"[""carol"",""login"",""301"",""274ms""]"
398,2024-06-15T04:49:50.000Z,info,t2,<*>-02 request: user=<*>,"[""web"",""bob"",""search"",""201"",""264ms""]"
399,2024-06-15T04:49:34.000Z,info,t4,worker-01 request: user=<*>>*>,"[""frank"",""47ms""]"
400,2024-06-15T04:49:54.000Z,error,t7,<*>-02 connection refused to db.internal port <*>,"[""27017""]"
401,2024-06-15T04:49:05.000Z,error,t14,<*>-01 connection refused to db.internal port <*>,"[""web"",""27017""]"
402,2024-06-15T04:49:00.000Z,error,t19,api-02 NullPointerException in CheckoutService for user <*>,"[""carol""]"
403,2024-06-15T04:50:41.000Z,info,t3,<*>-01 request: user=<*>,"[""api"",""frank"",""404"",""376ms""]"
404,2024-06-15T04:50:56.000Z,info,t5,<*>-01 request: user=<*>,"[""frank"",""orders"",""404"",""74ms""]"
405,2024-06-15T04:50:45.000Z,info,t10,<*>-02 request: user=<*>,"[""web"",""bob"",""101ms""]"
406,2024-06-15T04:50:54.000Z,info,t5,<*>-01 request: user=<*>,"[""frank"",""orders"",""404"",""74ms""]"
407,2024-06-15T04:50:28.000Z,info,t5,<*>-01 request: user=<*>,"[""frank"",""orders"",""404"",""74ms""]"
408,2024-06-15T04:50:00.000Z,info,t6,worker-01 request: user=<*>,"[""carol"",""login"",""301"",""274ms""]"
409,2024-06-15T04:50:51.000Z,info,t2,<*>-02 request: user=<*>,"[""web"",""bob"",""search"",""201"",""264ms""]"
410,2024-06-15T04:50:34.000Z,info,t5,<*>-01 request: user=<*>,"[""frank"",""orders"",""404"",""74ms""]"
411,2024-06-15T04:50:17.000Z,info,t3,<*>-01 request: user=<*>,"[""api"",""frank"",""404"",""376ms""]"
412,2024-06-15T04:50:17.000Z,info,t2,<*>-02 request: user=<*>,"[""web"",""bob"",""search"",""201"",""264ms""]"
413,2024-06-15T04:50:28.000Z,info,t2,<*>-02 request: user=<*>,"[""web"",""bob"",""search"",""201"",""264ms""]"
414,2024-06-15T04:50:35.000Z,info,t6,worker-01 request: user=<*>,"[""carol"",""login"",""301"",""274ms""]"
415,2024-06-15T04:50:43.000Z,info,t2,<*>-02 request: user=<*>,"[""web"",""bob"",""search"",""201"",""264ms""]"
416,2024-06-15T04:50:17.000Z,info,t5,<*>-01 request: user=<*>,"[""frank"",""orders"",""404"",""74ms""]"
417,2024-06-15T04:50:51.000Z,info,t6,worker-01 request: user=<*>,"[""carol"",""login"",""301"",""274ms""]"
418,2024-06-15T04:50:30.000Z,error,t14,<*>-01 connection refused to db.internal port <*>,"[""web"",""27017""]"
419,2024-06-15T04:50:47.000Z,error,t12,worker-01 connection refused to db.internal port <*>,"[""27017""]"
420,2024-06-15T04:50:00.000Z,error,t15,<*>-02 timeout waiting for /health after <*>,"[""web"",""5148ms""]"
421,2024-06-15T04:50:00.000Z,warn,t22,web-02 slow request: path=/health took 1516ms,
422,2024-06-15T04:51:42.000Z,info,t5,<*>-01 request: user=<*>,"[""frank"",""orders"",""404"",""74ms""]"
423,2024-06-15T04:51:43.000Z,info,t5,<*>-01 request: user=<*>,"[""frank"",""orders"",""404"",""74ms""]"
424,2024-06-15T04:51:33.000Z,info,t5,<*>-01 request: user=<*>,"[""frank"",""orders"",""404"",""74ms""]"
425,2024-06-15T04:51:07.000Z,info,t2,<*>-02 request: user=<*>,"[""web"",""bob"",""search"",""201"",""264ms""]"
426,2024-06-15T04:51:21.000Z,info,t2,<*>-02 request: user=<*>,"[""web"",""bob"",""search"",""201"",""264ms""]"
427,2024-06-15T04:51:13.000Z,info,t6,worker-01 request: user=<*>,"[""carol"",""login"",""301"",""274ms""]"
428,2024-06-15T04:51:40.000Z,info,t2,<*>-02 request: user=<*>,"[""web"",""bob"",""search"",""201"",""264ms""]"
429,2024-06-15T04:51:49.000Z,info,t2,<*>-02 request: user=<*>,"[""web"",""bob"",""search"",""201"",""264ms""]"
430,2024-06-15T04:51:16.000Z,info,t5,<*>-01 request: user=<*>,"[""frank"",""orders"",""404"",""74ms""]"
431,2024-06-15T04:51:49.000Z,info,t1,api-01 request: user=frank path=/<*>l<*>,"[""api"",""login"",""status"",""201""]"
432,2024-06-15T04:51:09.000Z,info,t2,<*>-02 request: user=<*>,"[""web"",""bob"",""search"",""201"",""264ms""]"
433,2024-06-15T04:51:10.000Z,info,t6,worker-01 request: user=<*>,"[""carol"",""login"",""301"",""274ms""]"
434,2024-06-15T04:51:53.000Z,info,t10,<*>-02 request: user=<*>,"[""web"",""bob"",""101ms""]"
435,2024-06-15T04:51:16.000Z,info,t2,<*>-02 request: user=<*>,"[""web"",""bob"",""search"",""201"",""264ms""]"
436,2024-06-15T04:51:55.000Z,info,t2,<*>-02 request: user=<*>,"[""web"",""bob"",""search"",""201"",""264ms""]"
437,2024-06-15T04:51:34.000Z,error,t12,worker-01 connection refused to db.internal port <*>,"[""27017""]"
438,2024-06-15T04:51:47.000Z,error,t7,<*>-02 connection refused to db.internal port <*>,"[""27017""]"
439,2024-06-15T04:52:03.000Z,info,t6,worker-01 request: user=<*>,"[""carol"",""login"",""301"",""274ms""]"
440,2024-06-15T04:52:17.000Z,info,t2,<*>-02 request: user=<*>,"[""web"",""bob"",""search"",""201"",""264ms""]"
441,2024-06-15T04:52:51.000Z,info,t2,<*>-02 request: user=<*>,"[""web"",""bob"",""search"",""201"",""264ms""]"
442,2024-06-15T04:52:15.000Z,info,t6,worker-01 request: user=<*>,"[""carol"",""login"",""301"",""274ms""]"
443,2024-06-15T04:52:41.000Z,info,t2,<*>-02 request: user=<*>,"[""web"",""bob"",""search"",""201"",""264ms""]"
444,2024-06-15T04:52:52.000Z,info,t5,<*>-01 request: user=<*>,"[""frank"",""orders"",""404"",""74ms""]"
445,2024-06-15T04:52:04.000Z,info,t3,<*>-01 request: user=<*>,"[""api"",""frank"",""404"",""376ms""]"
446,2024-06-15T04:52:48.000Z,info,t5,<*>-01 request: user=<*>,"[""frank"",""orders"",""404"",""74ms""]"
447,2024-06-15T04:52:11.000Z,info,t2,<*>-02 request: user=<*>,"[""web"",""bob"",""search"",""201"",""264ms""]"
448,2024-06-15T04:52:46.000Z,info,t5,<*>-01 request: user=<*>,"[""frank"",""orders"",""404"",""74ms""]"
449,2024-06-15T04:52:43.000Z,info,t5,<*>-01 request: user=<*>,"[""frank"",""orders"",""404"",""74ms""]"
450,2024-06-15T04:52:11.000Z,info,t2,<*>-02 request: user=<*>,"[""web"",""bob"",""search"",""201"",""264ms""]"
451,2024-06-15T04:52:11.000Z,info,t10,<*>-02 request: user=<*>,"[""web"",""bob"",""101ms""]"
452,2024-06-15T04:52:00.000Z,info,t5,<*>-01 request: user=<*>,"[""frank"",""orders"",""404"",""74ms""]"
453,2024-06-15T04:52:19.000Z,info,t2,<*>-02 request: user=<*>,"[""web"",""bob"",""search"",""201"",""264ms""]"
454,,info,t11,"{""time"":""2024-06-15T10:<*>>>>>>>>>:00.000Z"",""level"":""info"",""logger"":""audit"",""msg"":""audit event"",""host"":""<*>>>>>>>>""<*>user"":""<*>y"":<*>>*>>*>>><*>","[""03"",""web"",""dave""]"
455,2024-06-15T04:52:06.000Z,error,t7,<*>-02 connection refused to db.internal port <*>,"[""27017""]"
456,2024-06-15T04:52:32.000Z,error,t14,<*>-01 connection refused to db.internal port <*>,"[""web"",""27017""]"
457,2024-06-15T04:52:00.000Z,warn,t23,web-01 slow request: path=/api/search took 1446ms,
458,2024-06-15T04:53:47.000Z,info,t6,worker-01 request: user=<*>,"[""carol"",""login"",""301"",""274ms""]"
459,2024-06-15T04:53:58.000Z,info,t6,worker-01 request: user=<*>,"[""carol"",""login"",""301"",""274ms""]"
460,2024-06-15T04:53:17.000Z,info,t5,<*>-01 request: user=<*>,"[""frank"",""orders"",""404"",""74ms""]"
461,2024-06-15T04:53:07.000Z,info,t10,<*>-02 request: user=<*>,"[""web"",""bob"",""101ms""]"
462,2024-06-15T04:53:06.000Z,info,t2,<*>-02 request: user=<*>,"[""web"",""bob"",""search"",""201"",""264ms""]"
463,2024-06-15T04:53:38.000Z,info,t5,<*>-01 request: user=<*>,"[""frank"",""orders"",""404"",""74ms""]"
464,2024-06-15T04:53:23.000Z,info,t5,<*>-01 request: user=<*>,"[""frank"",""orders"",""404"",""74ms""]"
465,2024-06-15T04:53:36.000Z,info,t5,<*>-01 request: user=<*>,"[""frank"",""orders"",""404"",""74ms""]"
466,2024-06-15T04:53:00.000Z,info,t6,worker-01 request: user=<*>,"[""carol"",""login"",""301"",""274ms""]"
467,2024-06-15T04:53:11.000Z,info,t5,<*>-01 request: user=<*>,"[""frank"",""orders"",""404"",""74ms""]"
468,2024-06-15T04:53:58.000Z,info,t10,<*>-02 request: user=<*>,"[""web"",""bob"",""101ms""]"
469,2024-06-15T04:53:31.000Z,info,t2,<*>-02 request: user=<*>,"[""web"",""bob"",""search"",""201"",""264ms""]"
470,2024-06-15T04:53:59.000Z,info,t10,<*>-02 request: user=<*>,"[""web"",""bob"",""101ms""]"
471,2024-06-15T04:53:12.000Z,info,t5,<*>-01 request: user=<*>,"[""frank"",""orders"",""404"",""74ms""]"
472,2024-06-15T04:53:43.000Z,info,t5,<*>-01 request: user=<*>,"[""frank"",""orders"",""404"",""74ms""]"
473,,info,t11,"{""time"":""2024-06-15T10:<*>>>>>>>>>:00.000Z"",""level"":""info"",""logger"":""audit"",""msg"":""audit event"",""host"":""<*>>>>>>>>""<*>user"":""<*>y"":<*>>*>>*>>><*>","[""03"",""web"",""dave""]"
474,2024-06-15T04:53:42.000Z,error,t7,<*>-02 connection refused to db.internal port <*>,"[""27017""]"
475,2024-06-15T04:53:52.000Z,error,t7,<*>-02 connection refused to db.internal port <*>,"[""27017""]"
476,2024-06-15T04:54:47.000Z,info,t6,worker-01 request: user=<*>,"[""carol"",""login"",""301"",""274ms""]"
477,2024-06-15T04:54:22.000Z,info,t6,worker-01 request: user=<*>,"[""carol"",""login"",""301"",""274ms""]"
478,2024-06-15T04:54:44.000Z,info,t2,<*>-02 request: user=<*>,"[""web"",""bob"",""search"",""201"",""264ms""]"
479,2024-06-15T04:54:02.000Z,info,t2,<*>-02 request: user=<*>,"[""web"",""bob"",""search"",""201"",""264ms""]"
480,2024-06-15T04:54:45.000Z,info,t6,worker-01 request: user=<*>,"[""carol"",""login"",""301"",""274ms""]"
481,2024-06-15T04:54:21.000Z,info,t2,<*>-02 request: user=<*>,"[""web"",""bob"",""search"",""201"",""264ms""]"
482,2024-06-15T04:54:37.000Z,info,t6,worker-01 request: user=<*>,"[""carol"",""login"",""301"",""274ms""]"
483,2024-06-15T04:54:00.000Z,info,t5,<*>-01 request: user=<*>,"[""frank"",""orders"",""404"",""74ms""]"
484,2024-06-15T04:54:16.000Z,info,t2,<*>-02 request: user=<*>,"[""web"",""bob"",""search"",""201"",""264ms""]"
485,2024-06-15T04:54:52.000Z,info,t5,<*>-01 request: user=<*>,"[""frank"",""orders"",""404"",""74ms""]"
486,2024-06-15T04:54:35.000Z,info,t5,<*>-01 request: user=<*>,"[""frank"",""orders"",""404"",""74ms""]"
487,2024-06-15T04:54:04.000Z,info,t2,<*>-02 request: user=<*>,"[""web"",""bob"",""search"",""201"",""264ms""]"
488,2024-06-15T04:54:25.000Z,info,t6,worker-01 request: user=<*>,"[""carol"",""login"",""301"",""274ms""]"
489,2024-06-15T04:54:49.000Z,info,t2,<*>-02 request: user=<*>,"[""web"",""bob"",""search"",""201"",""264ms""]"
490,2024-06-15T04:54:30.000Z,info,t2,<*>-02 request: user=<*>,"[""web"",""bob"",""search"",""201"",""264ms""]"
491,2024-06-15T04:54:05.000Z,error,t7,<*>-02 connection refused to db.internal port <*>,"[""27017""]"
492,2024-06-15T04:54:04.000Z,error,t14,<*>-01 connection refused to db.internal port <*>,"[""web"",""27017""]"
493,2024-06-15T04:55:20.000Z,info,t4,worker-01 request: user=<*>>*>,"[""frank"",""47ms""]"
494,2024-06-15T04:55:40.000Z,info,t3,<*>-01 request: user=<*>,"[""api"",""frank"",""404"",""376ms""]"
495,2024-06-15T04:55:45.000Z,info,t10,<*>-02 request: user=<*>,"[""web"",""bob"",""101ms""]"
496,2024-06-15T04:55:23.000Z,info,t2,<*>-02 request: user=<*>,"[""web"",""bob"",""search"",""201"",""264ms""]"
497,2024-06-15T04:55:43.000Z,info,t2,<*>-02 request: user=<*>,"[""web"",""bob"",""search"",""201"",""264ms""]"
498,2024-06-15T04:55:25.000Z,info,t5,<*>-01 request: user=<*>,"[""frank"",""orders"",""404"",""74ms""]"
499,2024-06-15T04:55:41.000Z,info,t5,<*>-01 request: user=<*>,"[""frank"",""orders"",""404"",""74ms""]"
500,2024-06-15T04:55:56.000Z,info,t2,<*>-02 request: user=<*>,"[""web"",""bob"",""search"",""201"",""264ms""]"
501,2024-06-15T04:55:19.000Z,info,t2,<*>-02 request: user=<*>,"[""web"",""bob"",""search"",""201"",""264ms""]"
502,2024-06-15T04:55:03.000Z,info,t10,<*>-02 request: user=<*>,"[""web"",""bob"",""101ms""]"
503,2024-06-15T04:55:37.000Z,info,t5,<*>-01 request: user=<*>,"[""frank"",""orders"",""404"",""74ms""]"
504,2024-06-15T04:55:57.000Z,info,t5,<*>-01 request: user=<*>,"[""frank"",""orders"",""404"",""74ms""]"
505,2024-06-15T04:55:29.000Z,info,t2,<*>-02 request: user=<*>,"[""web"",""bob"",""search"",""201"",""264ms""]"
506,2024-06-15T04:55:01.000Z,info,t5,<*>-01 request: user=<*>,"[""frank"",""orders"",""404"",""74ms""]"
507,2024-06-15T04:55:11.000Z,info,t3,<*>-01 request: user=<*>,"[""api"",""frank"",""404"",""376ms""]"
508,,info,t11,"{""time"":""2024-06-15T10:<*>>>>>>>>>:00.000Z"",""level"":""info"",""logger"":""audit"",""msg"":""audit event"",""host"":""<*>>>>>>>>""<*>user"":""<*>y"":<*>>*>>*>>><*>","[""03"",""web"",""dave""]"
509,2024-06-15T04:55:31.000Z,error,t12,worker-01 connection refused to db.internal port <*>,"[""27017""]"
510,2024-06-15T04:55:50.000Z,error,t14,<*>-01 connection refused to db.internal port <*>,"[""web"",""27017""]"
511,2024-06-15T04:55:00.000Z,error,t13,<*>-01 timeout waiting for /api/<*>,"[""web"",""5104ms""]"
512,2024-06-15T04:56:03.000Z,info,t2,<*>-02 request: user=<*>,"[""web"",""bob"",""search"",""201"",""264ms""]"
513,2024-06-15T04:56:27.000Z,info,t4,worker-01 request: user=<*>>*>,"[""frank"",""47ms""]"
514,2024-06-15T04:56:04.000Z,info,t10,<*>-02 request: user=<*>,"[""web"",""bob"",""101ms""]"
515,2024-06-15T04:56:23.000Z,info,t2,<*>-02 request: user=<*>,"[""web"",""bob"",""search"",""201"",""264ms""]"
516,2024-06-15T04:56:35.000Z,info,t2,<*>-02 request: user=<*>,"[""web"",""bob"",""search"",""201"",""264ms""]"
517,2024-06-15T04:56:56.000Z,info,t3,<*>-01 request: user=<*>,"[""api"",""frank"",""404"",""376ms""]"
518,2024-06-15T04:56:14.000Z,info,t5,<*>-01 request: user=<*>,"[""frank"",""orders"",""404"",""74ms""]"
519,2024-06-15T04:56:24.000Z,info,t10,<*>-02 request: user=<*>,"[""web"",""bob"",""101ms""]"
520,2024-06-15T04:56:45.000Z,info,t5,<*>-01 request: user=<*>,"[""frank"",""orders"",""404"",""74ms""]"
521,2024-06-15T04:56:16.000Z,info,t6,worker-01 request: user=<*>,"[""carol"",""login"",""301"",""274ms""]"
522,2024-06-15T04:56:27.000Z,info,t2,<*>-02 request: user=<*>,"[""web"",""bob"",""search"",""201"",""264ms""]"
523,2024-06-15T04:56:24.000Z,info,t5,<*>-01 request: user=<*>,"[""frank"",""orders"",""404"",""74ms""]"
524,2024-06-15T04:56:17.000Z,info,t2,<*>-02 request: user=<*>,"[""web"",""bob"",""search"",""201"",""264ms""]"
525,2024-06-15T04:56:03.000Z,info,t6,worker-01 request: user=<*>,"[""carol"",""login"",""301"",""274ms""]"
526,2024-06-15T04:56:56.000Z,info,t2,<*>-02 request: user=<*>,"[""web"",""bob"",""search"",""201"",""264ms""]"
527,2024-06-15T04:56:49.000Z,error,t14,<*>-01 connection refused to db.internal port <*>,"[""web"",""27017""]"
528,2024-06-15T04:56:29.000Z,error,t7,<*>-02 connection refused to db.internal port <*>,"[""27017""]"
529,2024-06-15T04:57:37.000Z,info,t2,<*>-02 request: user=<*>,"[""web"",""bob"",""search"",""201"",""264ms""]"
530,2024-06-15T04:57:03.000Z,info,t6,worker-01 request: user=<*>,"[""carol"",""login"",""301"",""274ms""]"
531,2024-06-15T04:57:48.000Z,info,t6,worker-01 request: user=<*>,"[""carol"",""login"",""301"",""274ms""]"
532,2024-06-15T04:57:39.000Z,info,t2,<*>-02 request: user=<*>,"[""web"",""bob"",""search"",""201"",""264ms""]"
533,2024-06-15T04:57:27.000Z,info,t10,<*>-02 request: user=<*>,"[""web"",""bob"",""101ms""]"
534,2024-06-15T04:57:21.000Z,info,t10,<*>-02 request: user=<*>,"[""web"",""bob"",""101ms""]"
535,2024-06-15T04:57:14.000Z,info,t5,<*>-01 request: user=<*>,"[""frank"",""orders"",""404"",""74ms""]"
536,2024-06-15T04:57:08.000Z,info,t5,<*>-01 request: user=<*>,"[""frank"",""orders"",""404"",""74ms""]"
537,2024-06-15T04:57:48.000Z,info,t2,<*>-02 request: user=<*>,"[""web"",""bob"",""search"",""201"",""264ms""]"
538,2024-06-15T04:57:32.000Z,info,t2,<*>-02 request: user=<*>,"[""web"",""bob"",""search"",""201"",""264ms""]"
539,2024-06-15T04:57:42.000Z,info,t5,<*>-01 request: user=<*>,"[""frank"",""orders"",""404"",""74ms""]"
540,2024-06-15T04:57:50.000Z,info,t2,<*>-02 request: user=<*>,"[""web"",""bob"",""search"",""201"",""264ms""]"
541,2024-06-15T04:57:13.000Z,info,t3,<*>-01 request: user=<*>,"[""api"",""frank"",""404"",""376ms""]"
542,2024-06-15T04:57:45.000Z,info,t2,<*>-02 request: user=<*>,"[""web"",""bob"",""search"",""201"",""264ms""]"
543,2024-06-15T04:57:22.000Z,info,t2,<*>-02 request: user=<*>,"[""web"",""bob"",""search"",""201"",""264ms""]"
544,2024-06-15T04:57:30.000Z,error,t14,<*>-01 connection refused to db.internal port <*>,"[""web"",""27017""]"
545,2024-06-15T04:57:43.000Z,error,t7,<*>-02 connection refused to db.internal port <*>,"[""27017""]"
546,2024-06-15T04:57:01.000Z,fatal,t24,<*>-02 disk full: no space left on device /var/log,"[""web""]"
547,2024-06-15T04:57:04.000Z,fatal,t25,<*>-01 disk full: no space left on device /var/log,"[""api""]"
548,2024-06-15T04:57:55.000Z,fatal,t26,worker-01 disk full: no space left on device /var/log,
549,2024-06-15T04:57:26.000Z,fatal,t26,worker-01 disk full: no space left on device /var/log,
550,2024-06-15T04:58:16.000Z,info,t5,<*>-01 request: user=<*>,"[""frank"",""orders"",""404"",""74ms""]"
551,2024-06-15T04:58:52.000Z,info,t2,<*>-02 request: user=<*>,"[""web"",""bob"",""search"",""201"",""264ms""]"
552,2024-06-15T04:58:01.000Z,info,t6,worker-01 request: user=<*>,"[""carol"",""login"",""301"",""274ms""]"
553,2024-06-15T04:58:36.000Z,info,t6,worker-01 request: user=<*>,"[""carol"",""login"",""301"",""274ms""]"
554,2024-06-15T04:58:01.000Z,info,t4,worker-01 request: user=<*>>*>,"[""frank"",""47ms""]"
555,2024-06-15T04:58:15.000Z,info,t5,<*>-01 request: user=<*>,"[""frank"",""orders"",""404"",""74ms""]"
556,2024-06-15T04:58:23.000Z,info,t3,<*>-01 request: user=<*>,"[""api"",""frank"",""404"",""376ms""]"
557,2024-06-15T04:58:24.000Z,info,t3,<*>-01 request: user=<*>,"[""api"",""frank"",""404"",""376ms""]"
558,2024-06-15T04:58:28.000Z,info,t6,worker-01 request: user=<*>,"[""carol"",""login"",""301"",""274ms""]"
559,2024-06-15T04:58:45.000Z,info,t5,<*>-01 request: user=<*>,"[""frank"",""orders"",""404"",""74ms""]"
560,2024-06-15T04:58:10.000Z,info,t1,api-01 request: user=frank path=/<*>l<*>,"[""api"",""login"",""status"",""201""]"
561,2024-06-15T04:58:41.000Z,info,t5,<*>-01 request: user=<*>,"[""frank"",""orders"",""404"",""74ms""]"
562,2024-06-15T04:58:28.000Z,info,t3,<*>-01 request: user=<*>,"[""api"",""frank"",""404"",""376ms""]"
563,2024-06-15T04:58:39.000Z,info,t2,<*>-02 request: user=<*>,"[""web"",""bob"",""search"",""201"",""264ms""]"
564,2024-06-15T04:58:30.000Z,info,t5,<*>-01 request: user=<*>,"[""frank"",""orders"",""404"",""74ms""]"
565,2024-06-15T04:58:34.000Z,error,t14,<*>-01 connection refused to db.internal port <*>,"[""web"",""27017""]"
566,2024-06-15T04:58:10.000Z,error,t12,worker-01 connection refused to db.internal port <*>,"[""27017""]"
567,2024-06-15T04:58:00.000Z,error,t17,<*>-02 timeout waiting for /api/<*>,"[""api"",""login"",""5389ms""]"
568,2024-06-15T04:58:16.000Z,fatal,t24,<*>-02 disk full: no space left on device /var/log,"[""web""]"
569,2024-06-15T04:58:23.000Z,fatal,t25,<*>-01 disk full: no space left on device /var/log,"[""api""]"
570,2024-06-15T04:58:47.000Z,fatal,t24,<*>-02 disk full: no space left on device /var/log,"[""web""]"
571,2024-06-15T04:58:14.000Z,fatal,t25,<*>-01 disk full: no space left on device /var/log,"[""api""]"
572,2024-06-15T04:59:36.000Z,info,t2,<*>-02 request: user=<*>,"[""web"",""bob"",""search"",""201"",""264ms""]"
573,2024-06-15T04:59:01.000Z,info,t5,<*>-01 request: user=<*>,"[""frank"",""orders"",""404"",""74ms""]"
574,2024-06-15T04:59:25.000Z,info,t3,<*>-01 request: user=<*>,"[""api"",""frank"",""404"",""376ms""]"
575,2024-06-15T04:59:04.000Z,info,t2,<*>-02 request: user=<*>,"[""web"",""bob"",""search"",""201"",""264ms""]"
576,2024-06-15T04:59:56.000Z,info,t2,<*>-02 request: user=<*>,"[""web"",""bob"",""search"",""201"",""264ms""]"
577,2024-06-15T04:59:56.000Z,info,t3,<*>-01 request: user=<*>,"[""api"",""frank"",""404"",""376ms""]"
578,2024-06-15T04:59:03.000Z,info,t2,<*>-02 request: user=<*>,"[""web"",""bob"",""search"",""201"",""264ms""]"
579,2024-06-15T04:59:50.000Z,info,t5,<*>-01 request: user=<*>,"[""frank"",""orders"",""404"",""74ms""]"
580,2024-06-15T04:59:53.000Z,info,t2,<*>-02 request: user=<*>,"[""web"",""bob"",""search"",""201"",""264ms""]"
581,2024-06-15T04:59:17.000Z,info,t2,<*>-02 request: user=<*>,"[""web"",""bob"",""search"",""201"",""264ms""]"
582,2024-06-15T04:59:19.000Z,info,t5,<*>-01 request: user=<*>,"[""frank"",""orders"",""404"",""74ms""]"
583,2024-06-15T04:59:20.000Z,info,t2,<*>-02 request: user=<*>,"[""web"",""bob"",""search"",""201"",""264ms""]"
584,2024-06-15T04:59:22.000Z,info,t6,worker-01 request: user=<*>,"[""carol"",""login"",""301"",""274ms""]"
585,2024-06-15T04:59:23.000Z,info,t6,worker-01 request: user=<*>,"[""carol"",""login"",""301"",""274ms""]"
586,2024-06-15T04:59:40.000Z,info,t5,<*>-01 request: user=<*>,"[""frank"",""orders"",""404"",""74ms""]"
587,2024-06-15T04:59:40.000Z,error,t7,<*>-02 connection refused to db.internal port <*>,"[""27017""]"
588,2024-06-15T04:59:11.000Z,error,t7,<*>-02 connection refused to db.internal port <*>,"[""27017""]"
589,2024-06-15T04:59:00.000Z,error,t17,<*>-02 timeout waiting for /api/<*>,"[""api"",""login"",""5389ms""]"
590,2024-06-15T04:59:02.000Z,fatal,t24,<*>-02 disk full: no space left on device /var/log,"[""web""]"
591,2024-06-15T04:59:28.000Z,fatal,t25,<*>-01 disk full: no space left on device /var/log,"[""api""]"
592,2024-06-15T04:59:30.000Z,fatal,t24,<*>-02 disk full: no space left on device /var/log,"[""web""]"
593,2024-06-15T04:59:54.000Z,fatal,t24,<*>-02 disk full: no space left on device /var/log,"[""web""]"
